id,centerLat,centerLon,color,country,countryName,filterable,image,mapboxImageUrl,name,northeastLat,northeastLon,order,placeId,preview,secondaryColor,shareImage,shareUrl,southwestLat,southwestLon,userJourneyCousinId,userJourneySpotId,journeyCousin,journeySpot,updated
834d7462-9ba4-49b9-843e-b1cfd1eaf5b1,-33.9248685,18.4240553,16777215,ZA,"South Africa",false,,https://dlq9ebkqqrcon.cloudfront.net/destination_map/834d7462-9ba4-49b9-843e-b1cfd1eaf5b1/3b41f581578c9f66.jpg,"Cape Town",-33.47127,19.00467,100,ChIJ1-4miA9QzB0Rh6ooKPzhf2g,false,0,,https://www.coolcousin.com/,-34.3598061,18.3074488,59fbd1b9-16d2-484d-9ccc-8c7e355d7afd,5779fcc6-fef6-4cfd-8bcb-0ed511a07567,<RCousin>{408},<RSpot>{1391},"2020-02-03 07:41:09 +0000"
e8797c51-77ed-4544-8c37-33c170d07afa,13.7563309,100.5017651,16777215,TH,Thailand,false,,https://dlq9ebkqqrcon.cloudfront.net/destination_map/e8797c51-77ed-4544-8c37-33c170d07afa/6ebf011b501626da.jpg,Bangkok,13.955111,100.938408,100,ChIJ82ENKDJgHTERIEjiXbIAAQE,false,0,,https://www.coolcousin.com/,13.4940881,100.3278136,2e0016ec-1b1d-46c0-b20b-e313a79bb8e0,e56f36ab-ecc4-4108-b398-e32bc9069d7d,<RCousin>{400},<RSpot>{930},"2020-02-03 07:41:09 +0000"
497e686d-5864-4e48-9731-ae5f8a52635b,-26.2041028,28.0473051,16777215,ZA,"South Africa",false,,https://dlq9ebkqqrcon.cloudfront.net/destination_map/497e686d-5864-4e48-9731-ae5f8a52635b/971edcdcc8ae10ec.jpg,Johannesburg,-26.1041199,28.1376001,100,ChIJUWpA8GgMlR4RQUDTsdnJiiM,false,0,,https://www.coolcousin.com/,-26.2389231,27.942449,d1d50588-8f23-4767-8d85-137a20baf6dd,c3c89acc-386e-4f25-a4e4-5cf2371b6e2c,<RCousin>{398},<RSpot>{664},"2020-02-03 07:41:09 +0000"
cb97e5ab-539c-4484-8e0e-7342df91922f,48.85661400000001,2.3522219,2970210,FR,France,true,,https://dlq9ebkqqrcon.cloudfront.net/destination_map/cb97e5ab-539c-4484-8e0e-7342df91922f/d2a0a62c766567fe.jpg,Paris,48.9021449,2.4699208,100,ChIJD7fiBh9u5kcRYJSMaMOCCwQ,false,15507117,,https://www.coolcousin.com/,48.815573,2.224199,121d95b2-d487-4d22-832a-f3f916243a15,fe90fc71-762e-4eab-aef8-6f0b6c873f40,<RCousin>{27},<RSpot>{22537},"2020-02-03 07:41:09 +0000"
d1195f94-b26b-480c-80c1-b2c570d4e1ff,52.52000659999999,13.404954,8853387,DE,Germany,false,,https://dlq9ebkqqrcon.cloudfront.net/destination_map/d1195f94-b26b-480c-80c1-b2c570d4e1ff/188a7cecf3d418de.jpg,Berlin,52.6754542,13.7611175,100,ChIJAVkDPzdOqEcRcDteW0YgIQQ,false,16317619,,https://www.coolcousin.com/,52.338234,13.088346,e4166c52-920c-4520-9b93-4f44e47fe80a,1b7281a2-68cb-428a-8026-4abcb1ae6342,<RCousin>{354},<RSpot>{5325},"2020-02-03 07:41:09 +0000"
d1797139-889c-48de-9ca0-4839d21e9423,1.3553794,103.8677444,11868997,SG,Singapore,false,,https://dlq9ebkqqrcon.cloudfront.net/destination_map/d1797139-889c-48de-9ca0-4839d21e9423/966c34bc32a7a41d.jpg,Singapore,1.4708809,104.0415799,30,ChIJyY4rtGcX2jERIKTarqz3AAQ,false,16243428,,https://www.coolcousin.com/,1.216611,103.6065099,64ddba2b-3eb4-4a6d-b265-a87791d324e3,00f31771-ae38-4c30-a05d-a48cb1f98ad2,<RCousin>{156},<RSpot>{15883},"2020-02-03 07:41:09 +0000"
b761722a-bcc3-4664-bf7d-eb43f189bac9,32.0852999,34.78176759999999,11391714,IL,Israel,true,,https://dlq9ebkqqrcon.cloudfront.net/destination_map/b761722a-bcc3-4664-bf7d-eb43f189bac9/2ac0eb0cc37bc3bd.jpg,Tel-Aviv,32.146611,34.8519761,6,ChIJH3w7GaZMHRURkD-WwKJy-8E,false,8658574,,https://www.coolcousin.com/,32.029252,34.7425159,02cf3154-98c7-48b1-8fc7-7e451371d31e,3be0bcc9-cbd2-4a92-a1e2-0d767a3c7007,<RCousin>{4},<RSpot>{5950},"2020-02-03 07:41:09 +0000"
caa6d92c-cecf-4f70-86ab-75edfad70e25,40.7127753,-74.0059728,8774121,US,"United States",true,,https://dlq9ebkqqrcon.cloudfront.net/destination_map/caa6d92c-cecf-4f70-86ab-75edfad70e25/cf0e3f7d95e7d122.jpg,"New York",40.9175771,-73.70027209999999,3,ChIJOwg_06VPwokRYv534QaPC8g,false,1058467,,https://www.coolcousin.com/,40.4773991,-74.25908989999999,3bc24c3f-7744-4473-af2c-75baa232c589,62dd5720-c355-4662-a8af-0b7b43ef5610,<RCousin>{92},<RSpot>{12651},"2020-02-03 07:41:09 +0000"
50961473-c5b5-4859-b5b4-3ea5f56374b0,51.5073509,-0.1277583,11674894,GB,"United Kingdom",false,,https://dlq9ebkqqrcon.cloudfront.net/destination_map/50961473-c5b5-4859-b5b4-3ea5f56374b0/70d06bfd53acbca4.jpg,London,51.6723432,0.148271,1,ChIJdd4hrwug2EcRmSrV3Vo6llI,false,14806772,,https://www.coolcousin.com/,51.38494009999999,-0.3514683,1e19c874-5f9c-4821-b4e5-abbc9a57e3cf,f190582b-085b-47da-9259-4215f37efac1,<RCousin>{45},<RSpot>{10643},"2020-02-03 07:41:09 +0000"
7b3b2a3a-5a34-4f04-b6e2-b1a13f8d9756,53.5510846,9.9936819,16777215,DE,Germany,false,,https://dlq9ebkqqrcon.cloudfront.net/destination_map/7b3b2a3a-5a34-4f04-b6e2-b1a13f8d9756/9e6358efbc1624e5.jpg,Hamburg,53.717145,10.123492,100,ChIJuRMYfoNhsUcRoDrWe_I9JgQ,false,0,,https://www.coolcousin.com/,53.399999,9.732151000000002,e13643ef-d176-42ab-8973-7127dd6eafd5,0d3e35d8-ecb1-426e-b1f0-305dd6dfd607,<RCousin>{467},<RSpot>{2914},"2020-02-03 07:41:09 +0000"
d10956a9-c952-4e52-892f-009b3d300d36,39.0997265,-94.5785667,16777215,US,"United States",false,,https://dlq9ebkqqrcon.cloudfront.net/destination_map/d10956a9-c952-4e52-892f-009b3d300d36/7587543ff898ae15.jpg,"Kansas City",39.356662,-94.38552199999999,100,ChIJl5npr173wIcRolGqauYlhVU,false,0,,https://www.coolcousin.com/,38.827176,-94.765917,211105b6-c508-424c-9109-791c823f023a,1f0f113d-1ce0-4260-8663-9278ba4e605c,<RCousin>{494},<RSpot>{3352},"2020-02-03 07:41:09 +0000"
54e0bc54-ba34-4b96-8165-3743d63241a0,35.7090259,139.7319925,15652297,JP,Japan,false,,https://dlq9ebkqqrcon.cloudfront.net/destination_map/54e0bc54-ba34-4b96-8165-3743d63241a0/4c263b0f10717287.jpg,Tokyo,35.8175167,139.9198565,100,ChIJXSModoWLGGARILWiCfeu2M0,false,8914895,,https://www.coolcousin.com/,35.5208603,139.5629048,15295305-c7e4-48aa-9ffa-6ba5a9b31d4e,e3e810ce-0ed1-41bc-8d86-89c847c4f9ee,<RCousin>{430},<RSpot>{4626},"2020-02-03 07:41:09 +0000"
f3fc9c58-d79f-41db-93ed-85c0b2d8e4d0,40.7439905,-74.0323626,16777215,US,"United States",false,,https://dlq9ebkqqrcon.cloudfront.net/destination_map/f3fc9c58-d79f-41db-93ed-85c0b2d8e4d0/62125ac9adb0afd3.jpg,Hoboken,40.7590989,-74.0137841,100,ChIJ0TMVjWBXwokRh783EWrKtkQ,false,0,,https://www.coolcousin.com/,40.7303209,-74.044117,,,<null>,<null>,"2020-02-03 07:41:09 +0000"
7afe6ab9-10c4-472c-982e-90230ebf1085,-12.0463731,-77.042754,16777215,PE,Peru,false,,https://dlq9ebkqqrcon.cloudfront.net/destination_map/7afe6ab9-10c4-472c-982e-90230ebf1085/21363cf03da33e1d.jpg,Lima,-11.7999875,-76.78833970000001,100,ChIJxz7uGfbFBZERSi5FzLlsIBQ,false,0,,https://www.coolcousin.com/,-12.2532891,-77.18721859999999,3335d95c-9224-4e54-8477-b69c24387f31,1ce5add5-bdc3-4da5-b43a-99e9f68130c8,<RCousin>{541},<RSpot>{10010},"2020-02-03 07:41:09 +0000"
05995362-b3f2-430a-b6d4-e836df273275,41.54544860000001,-8.426506999999999,16777215,PT,Portugal,false,,https://dlq9ebkqqrcon.cloudfront.net/destination_map/05995362-b3f2-430a-b6d4-e836df273275/dacf828351f05fa3.jpg,Braga,41.5841477,-8.342179099999999,100,ChIJZ9j1bLz-JA0RGOLRYkEFXbw,false,0,,https://www.coolcousin.com/,41.510402,-8.4806633,3858b8e4-072b-4e42-ae9d-3b6f3de311c6,4fda643b-86b9-4620-b446-0154ed05b52c,<RCousin>{629},<RSpot>{14134},"2020-02-03 07:41:09 +0000"
a8199111-557c-45e8-a554-9a154354d2ed,44.0678288,12.5695158,16777215,IT,Italy,false,,https://dlq9ebkqqrcon.cloudfront.net/destination_map/a8199111-557c-45e8-a554-9a154354d2ed/48f8f8be966e0ea9.jpg,Rimini,44.088576,12.6322536,100,ChIJK1mmj6TDLBMRnUTxF9uE8sE,false,0,,https://www.coolcousin.com/,44.0183507,12.5171204,37e1fd04-8d9d-426e-9531-fb0c4a62fa49,724001b7-1ad3-4aa5-8b0c-c0eedc345916,<RCousin>{520},<RSpot>{10843},"2020-02-03 07:41:09 +0000"
3729eb2b-0b2c-4c65-ad78-82eaabf1d26f,-33.4378305,-70.6504492,16777215,CL,Chile,false,,https://dlq9ebkqqrcon.cloudfront.net/destination_map/3729eb2b-0b2c-4c65-ad78-82eaabf1d26f/5a57415c4176ac21.jpg,Santiago,-33.425617,-70.6251297,100,ChIJuzrymgbQYpYRl0jtCfRZnYc,false,0,,https://www.coolcousin.com/,-33.4811177,-70.7332574,4799a5c0-4473-4c82-a14a-a29590dc70ab,70a412b3-c0e7-4611-9d64-6ecd2bdce255,<RCousin>{968},<RSpot>{21955},"2020-02-03 07:41:09 +0000"
bdb7ac4c-a5a6-4ec6-ba26-a6a11d79a795,55.755826,37.6172999,15095125,RU,Russia,false,,https://dlq9ebkqqrcon.cloudfront.net/destination_map/bdb7ac4c-a5a6-4ec6-ba26-a6a11d79a795/65c1eedc6893f915.jpg,Moscow,56.0214609,37.9678221,8,ChIJybDUc_xKtUYRTM9XV8zWRD0,false,1780860,,https://www.coolcousin.com/,55.142591,36.8032249,8b718b01-d694-40e3-b072-923820f8c214,d6276c4c-6cf2-4a50-bc50-edf81c3d2ad8,<RCousin>{240},<RSpot>{8695},"2020-02-03 07:41:09 +0000"
89a973b2-0ea9-494e-b3a6-f21c18af50e8,38.9071923,-77.03687069999999,2123706,US,"United States",false,,https://dlq9ebkqqrcon.cloudfront.net/destination_map/89a973b2-0ea9-494e-b3a6-f21c18af50e8/db79ab8f01374912.jpg,"Washington DC",38.995548,-76.90939299999999,100,ChIJW-T2Wt7Gt4kRKl2I1CJFUsI,false,14924485,,https://www.coolcousin.com/,38.7916449,-77.119759,1aa25377-8231-4358-91dd-91fcf26b2298,5a5a7b75-41d2-472d-ae61-6c8aa48926e4,<RCousin>{37},<RSpot>{6539},"2020-02-03 07:41:09 +0000"
8fc9974b-75d1-475b-8a6e-04c1a40bc8cc,49.2827291,-123.1207375,1064551,CA,Canada,false,,https://dlq9ebkqqrcon.cloudfront.net/destination_map/8fc9974b-75d1-475b-8a6e-04c1a40bc8cc/386811e5e2287106.jpg,Vancouver,49.3172939,-123.023068,17,ChIJs0-pQ_FzhlQRi_OBm-qWkbs,false,9230010,,https://www.coolcousin.com/,49.19817700000001,-123.22474,b00fbcc3-6c22-4972-99d1-c6c14e67ee88,acd24d07-2ac1-4362-bf74-d6fd8caada77,<RCousin>{1211},<RSpot>{26966},"2020-02-03 07:41:09 +0000"
1df95fd2-d0ba-44ab-bcc5-c9018b292fec,43.653226,-79.3831843,4158378,CA,Canada,false,,https://dlq9ebkqqrcon.cloudfront.net/destination_map/1df95fd2-d0ba-44ab-bcc5-c9018b292fec/f98da4a5205274e4.jpg,Toronto,43.8554579,-79.00248100000002,16,ChIJpTvG15DL1IkRd8S0KlBVNTI,false,9956243,,https://www.coolcousin.com/,43.45829699999999,-79.639219,b13dca91-f623-4ed1-9a74-6d01a68aef15,a8121ae3-2e98-4f17-9ea6-e23fff5a500f,<RCousin>{1070},<RSpot>{24628},"2020-02-03 07:41:09 +0000"
2c63049c-3182-47ab-ac2a-8c5af19b5b30,25.0329694,121.5654177,16777215,TW,Taiwan,false,,https://dlq9ebkqqrcon.cloudfront.net/destination_map/2c63049c-3182-47ab-ac2a-8c5af19b5b30/f9f158f106351d98.jpg,Taipei,25.2443731,121.7300824,100,ChIJmQrivHKsQjQR4MIK3c41aj8,false,0,,https://www.coolcousin.com/,24.7900797,121.2826735,344fca28-dc75-43d3-9408-6f4db35ecce0,6de6bf31-a602-411c-9f4c-2e564c5aa646,<RCousin>{82},<RSpot>{6874},"2020-02-03 07:41:09 +0000"
e1f2bbeb-274e-48c4-bdf3-d09767d18b0e,-33.8688197,151.2092955,15629380,AU,Australia,false,,https://dlq9ebkqqrcon.cloudfront.net/destination_map/e1f2bbeb-274e-48c4-bdf3-d09767d18b0e/fc64cf586f8ad05e.jpg,Sydney,-33.8561088,151.222951,100,ChIJP5iLHkCuEmsRwMwyFmh9AQU,false,10612450,,https://www.coolcousin.com/,-33.8797035,151.1970329,ba0fd8a0-f6e6-43a7-a957-136d0c99ca27,62024dec-b933-4a5a-9ebf-6ebcc5b111ea,<RCousin>{296},<RSpot>{26308},"2020-02-03 07:41:09 +0000"
0f5f9416-54ac-4f57-bd1e-630753d26e09,37.566535,126.9779692,16777215,KR,"South Korea",false,,https://dlq9ebkqqrcon.cloudfront.net/destination_map/0f5f9416-54ac-4f57-bd1e-630753d26e09/7f4a697fb6fd8d24.jpg,Seoul,37.6956,127.1823,100,ChIJzWXFYYuifDUR64Pq5LTtioU,false,0,,https://www.coolcousin.com/,37.4346,126.7968,4f81e384-4cb4-493b-aa8c-1066852b43f8,f0c838ca-890c-451e-8eb5-46f8cb488676,<RCousin>{540},<RSpot>{11500},"2020-02-03 07:41:09 +0000"
d2803270-3faf-478c-a50f-f9d992f4475c,-23.5505199,-46.6333094,12241902,BR,Brazil,false,,https://dlq9ebkqqrcon.cloudfront.net/destination_map/d2803270-3faf-478c-a50f-f9d992f4475c/a10377acfbe0af1c.jpg,"Sao Paulo",-23.3566039,-46.3650844,100,ChIJ0WGkg4FEzpQRrlsz_whLqZs,false,14179611,,https://www.coolcousin.com/,-24.0082209,-46.825514,cf030e3e-30f5-4aaa-b244-98b67b5564f4,8e985316-a9c5-42f2-ba71-ee242044ab05,<RCousin>{329},<RSpot>{27407},"2020-02-03 07:41:09 +0000"
c32d4db7-9174-49cf-a3a5-fcaa2be33e24,-22.9068467,-43.17289650000001,3106619,BR,Brazil,false,,https://dlq9ebkqqrcon.cloudfront.net/destination_map/c32d4db7-9174-49cf-a3a5-fcaa2be33e24/2dd4ddc1681666c8.jpg,"Rio De Janeiro",-22.7460327,-43.0969042,100,ChIJW6AIkVXemwARTtIvZ2xC3FA,false,16760832,,https://www.coolcousin.com/,-23.0822288,-43.7950599,53ea1029-8f4d-430e-95af-85be2a8aed5f,d931bf3e-c7fa-4176-bdad-3d8974aa8002,<RCousin>{133},<RSpot>{8756},"2020-02-03 07:41:09 +0000"
d79d6d96-46dd-4c66-beb3-3ef91a6542ca,25.7616798,-80.1917902,16777215,US,"United States",false,,https://dlq9ebkqqrcon.cloudfront.net/destination_map/d79d6d96-46dd-4c66-beb3-3ef91a6542ca/fc3ab117b3394503.jpg,Miami,25.855773,-80.139157,100,ChIJEcHIDqKw2YgRZU-t3XHylv8,false,0,,https://www.coolcousin.com/,25.709042,-80.31975989999999,4d7c0922-d415-4353-b17a-f9942757402a,d3874ea5-8b52-410b-ad3d-538ff503590e,<RCousin>{123},<RSpot>{27410},"2020-02-03 07:41:09 +0000"
6e89effc-1ee9-4d26-96f0-6c7f76854d2b,19.4326077,-99.133208,13504684,MX,Mexico,false,,https://dlq9ebkqqrcon.cloudfront.net/destination_map/6e89effc-1ee9-4d26-96f0-6c7f76854d2b/6edb6138d6f18847.jpg,"Mexico City",19.5927571,-98.9604482,27,ChIJB3UJ2yYAzoURQeheJnYQBlQ,false,2490886,,https://www.coolcousin.com/,19.1887101,-99.3267771,ca348625-24cb-4d53-a23f-2b66c0119716,d95ebfa4-0d6a-4d82-aee4-6cb30380e373,<RCousin>{1077},<RSpot>{1678},"2020-02-03 07:41:09 +0000"
e1640a85-8934-4b73-9448-ca6e247fa47e,-37.81361100000001,144.963056,635338,AU,Australia,false,,https://dlq9ebkqqrcon.cloudfront.net/destination_map/e1640a85-8934-4b73-9448-ca6e247fa47e/0472f7b7b80e35bc.jpg,Melbourne,-37.79944589999999,144.9890971,15,ChIJgf0RD69C1moR4OeMIXVWBAU,false,13101983,,https://www.coolcousin.com/,-37.85552690000001,144.951435,1b0a5d08-f390-4f20-a217-e8cae14b7474,07882dc3-7234-4160-9b8b-cde74ff9d7c3,<RCousin>{38},<RSpot>{13777},"2020-02-03 07:41:09 +0000"
31969b64-ffba-42b4-91c8-3c9348738e74,34.0522342,-118.2436849,5705817,US,"United States",false,,https://dlq9ebkqqrcon.cloudfront.net/destination_map/31969b64-ffba-42b4-91c8-3c9348738e74/540177d56a9eed04.jpg,"Los Angeles",34.3373061,-118.1552891,100,ChIJE9on3F3HwoAR9AhGJW_fL-I,false,11651985,,https://www.coolcousin.com/,33.7036519,-118.6681759,8f5a0470-3878-473f-92c9-93b4609aa2b0,152f3906-9a48-408f-96b7-4859227d6ed0,<RCousin>{245},<RSpot>{5203},"2020-02-03 07:41:09 +0000"
7ae6551e-8886-4226-a9f0-8ad223f2ed66,38.7222524,-9.1393366,13816695,PT,Portugal,false,,https://dlq9ebkqqrcon.cloudfront.net/destination_map/7ae6551e-8886-4226-a9f0-8ad223f2ed66/3d402552ff74b63e.jpg,Lisbon,38.7958538,-9.090570899999999,26,ChIJO_PkYRozGQ0R0DaQ5L3rAAQ,false,10358327,,https://www.coolcousin.com/,38.6913994,-9.229835599999999,b5e2de53-1d1f-43bf-bab9-b5717cc4c310,6a7da6ee-1f34-4e78-bc38-0feff455d9aa,<RCousin>{1181},<RSpot>{6809},"2020-02-03 07:41:09 +0000"
9cdf1e13-f9e0-430d-bd68-79f22b45111f,53.3498053,-6.2603097,14085832,IE,Ireland,false,,https://dlq9ebkqqrcon.cloudfront.net/destination_map/9cdf1e13-f9e0-430d-bd68-79f22b45111f/fcd2eca13df28e67.jpg,Dublin,53.42521010000001,-6.0439235,29,ChIJL6wn6oAOZ0gRoHExl6nHAAo,false,948738,,https://www.coolcousin.com/,53.22343009999999,-6.4474847,034d1edc-d339-4e57-b0f6-e700eeab246d,31172931-3ed7-4227-bf91-d93153226f84,<RCousin>{6},<RSpot>{11051},"2020-02-03 07:41:09 +0000"
214e206f-594b-4fa3-8137-630f01b9c8cb,32.7766642,-96.79698789999999,13494259,US,"United States",false,,https://dlq9ebkqqrcon.cloudfront.net/destination_map/214e206f-594b-4fa3-8137-630f01b9c8cb/e92a5f9808b92fc3.jpg,Dallas,33.0237921,-96.4637379,11,ChIJS5dFe_cZTIYRj2dH9qSb7Lk,false,2247805,,https://www.coolcousin.com/,32.617537,-96.999347,cede64d9-794a-4b16-b63b-58d0ae66f514,29fc60e7-576a-4cec-8281-b264f3dd1835,<RCousin>{1103},<RSpot>{10431},"2020-02-03 07:41:09 +0000"
ad136a87-ddc4-4fc5-9c79-802629df88db,30.267153,-97.74306079999999,16777215,US,"United States",false,,https://dlq9ebkqqrcon.cloudfront.net/destination_map/ad136a87-ddc4-4fc5-9c79-802629df88db/408b90292f3a6698.jpg,Austin,30.5168629,-97.56841989999999,100,ChIJLwPMoJm1RIYRetVp1EtGm10,false,0,,https://www.coolcousin.com/,30.0986589,-97.93838289999999,6b250288-e809-4008-a3d8-81a99b7bea2a,a8923a25-4644-4d5d-a986-57f7e48ef60e,<RCousin>{168},<RSpot>{18507},"2020-02-03 07:41:09 +0000"
7fac6258-a7b3-496e-bfb1-d641bdb3b2dd,37.9838096,23.7275388,791523,GR,Greece,false,,https://dlq9ebkqqrcon.cloudfront.net/destination_map/7fac6258-a7b3-496e-bfb1-d641bdb3b2dd/7b1ddd17ad080111.jpg,Athens,38.0328563,23.7896925,100,ChIJ8UNwBh-9oRQR3Y1mdkU1Nic,false,13235450,,https://www.coolcousin.com/,37.9488181,23.6869862,cde5b5b6-1535-4a24-9517-f8263791c293,90c84581-60a8-47fc-8081-54613a53a709,<RCousin>{1010},<RSpot>{23246},"2020-02-03 07:41:09 +0000"
fbd98b7e-e4cf-4300-b9e7-fe83e5aa44d1,44.977753,-93.2650108,16777215,US,"United States",false,,https://dlq9ebkqqrcon.cloudfront.net/destination_map/fbd98b7e-e4cf-4300-b9e7-fe83e5aa44d1/55de0e09d1c7d0da.jpg,Minneapolis,45.05125,-93.193794,100,ChIJvbt3k5Azs1IRB-56L4TJn5M,false,0,,https://www.coolcousin.com/,44.890144,-93.32916299999999,df9b675d-8fe5-4b14-8c94-544bb9b7afac,7d805fd5-46e3-4b0d-8a78-0e7bc6f972f7,<RCousin>{394},<RSpot>{45},"2020-02-03 07:41:09 +0000"
a5526673-8bb0-4900-bae9-b86e8e26b0ea,53.4807593,-2.2426305,16777215,GB,"United Kingdom",false,,https://dlq9ebkqqrcon.cloudfront.net/destination_map/a5526673-8bb0-4900-bae9-b86e8e26b0ea/57bd3c36e73c57fb.jpg,Manchester,53.5445879,-2.1468288,100,ChIJ2_UmUkxNekgRqmv-BDgUvtk,false,0,,https://www.coolcousin.com/,53.39990299999999,-2.3000969,856b082b-fb70-4706-8e7c-74d961d79b78,97d0d52f-7478-4c40-9c2c-9e02985f8625,<RCousin>{226},<RSpot>{7599},"2020-02-03 07:41:09 +0000"
8ab43993-6e9c-40bd-bb9e-248b965399a1,32.715738,-117.1610838,16777215,US,"United States",false,,https://dlq9ebkqqrcon.cloudfront.net/destination_map/8ab43993-6e9c-40bd-bb9e-248b965399a1/b56398ce89b220b7.jpg,"San Diego",33.114249,-116.90816,100,ChIJSx6SrQ9T2YARed8V_f0hOg0,false,0,,https://www.coolcousin.com/,32.534856,-117.3097969,bcf4cf6d-5046-4970-85cd-e7b3c06ec578,cc0f26a9-4af9-4349-a36c-8e0bb18ebe31,<RCousin>{560},<RSpot>{9518},"2020-02-03 07:41:09 +0000"
e878f0c6-a0fb-497d-8b29-b75361fb27da,31.7618778,-106.4850217,16777215,US,"United States",false,,https://dlq9ebkqqrcon.cloudfront.net/destination_map/e878f0c6-a0fb-497d-8b29-b75361fb27da/e8a936ee20ddcf22.jpg,"El Paso",32.001481,-106.2131129,100,ChIJaTv-xYs_54YRIgKdq-OEkeM,false,0,,https://www.coolcousin.com/,31.6207851,-106.6359219,0a468fac-ddb1-4123-9b3e-dea8e3cf9d3c,19dcdf16-3a9c-4594-b701-14442902e97e,<RCousin>{1027},<RSpot>{3894},"2020-02-03 07:41:09 +0000"
158899d8-0b37-491e-aad9-adcc1594937c,43.296482,5.36978,16777215,FR,France,false,,https://dlq9ebkqqrcon.cloudfront.net/destination_map/158899d8-0b37-491e-aad9-adcc1594937c/d0b1c8412258e7a5.jpg,Marseille,43.3911601,5.5323519,100,ChIJM1PaREO_yRIRIAKX_aUZCAQ,false,0,,https://www.coolcousin.com/,43.169621,5.228641,1e7f002f-65d7-400d-9673-d5712d48ce7b,26ca6da6-00be-492d-ac6b-ac9500815fa6,<RCousin>{546},<RSpot>{11685},"2020-02-03 07:41:09 +0000"
9ab80c1a-79dc-4dcc-9f50-bfe19f9db158,-1.2920659,36.82194619999999,16777215,KE,Kenya,false,,https://dlq9ebkqqrcon.cloudfront.net/destination_map/9ab80c1a-79dc-4dcc-9f50-bfe19f9db158/42ea6f19cd5103f0.jpg,Nairobi,-1.164744,37.0493746,100,ChIJp0lN2HIRLxgRTJKXslQCz_c,false,0,,https://www.coolcousin.com/,-1.4416739,36.6454191,65204933-d316-44f1-8cc9-35c09a399966,b9797162-d1b9-4749-a4cf-3ea5f780fb22,<RCousin>{557},<RSpot>{15817},"2020-02-03 07:41:09 +0000"
5d682411-32c0-4811-9caf-dfd12858cc21,41.9794005,2.8214264,16777215,ES,Spain,false,,https://dlq9ebkqqrcon.cloudfront.net/destination_map/5d682411-32c0-4811-9caf-dfd12858cc21/616a65c9bc621a6a.jpg,Girona,42.0142089,2.8389562,100,ChIJq_3ImCfnuhIRb2oppbZFOK8,false,0,,https://www.coolcousin.com/,41.9462966,2.7983782,ec932d35-da24-49ff-ac7f-31b3669349fc,98d4faa3-c0b6-490d-881a-37d7df15e955,<RCousin>{542},<RSpot>{11408},"2020-02-03 07:41:09 +0000"
ccf035fe-57b9-47d9-a58a-0fdcdcbb982d,50.83761000000001,-0.774936,16777215,GB,"United Kingdom",false,,https://dlq9ebkqqrcon.cloudfront.net/destination_map/ccf035fe-57b9-47d9-a58a-0fdcdcbb982d/24c3de36ee2d7397.jpg,Chichester,50.8631387,-0.7366655999999999,100,ChIJ4Yt2BKNIdEgRM0KquAQxdIk,false,0,,https://www.coolcousin.com/,50.8090141,-0.8207527999999999,8790bd51-60e3-4073-b563-7a6d95057203,0bcd1bb0-caa2-4bd7-829f-e9f5d537ba19,<RCousin>{601},<RSpot>{13669},"2020-02-03 07:41:09 +0000"
4de3626b-8687-499a-8dde-6b2ef073ee6f,22.2783151,114.174695,16777215,HK,"Hong Kong",false,,https://dlq9ebkqqrcon.cloudfront.net/destination_map/4de3626b-8687-499a-8dde-6b2ef073ee6f/445dee188e9c5444.jpg,"Hong Kong",22.5657357,114.5034606,100,ChIJByjqov3-AzQR2pT0dDW0bUg,false,0,,https://www.coolcousin.com/,22.1339684,113.8141679,a8216256-c1a7-413a-97e1-2c7b5e0243d1,a2d5696e-6f90-4d5e-82a8-f55d147cbc05,<RCousin>{279},<RSpot>{26444},"2020-02-03 07:41:09 +0000"
d3245a86-134d-45c8-99ed-91b05c0d2ad5,25.2048493,55.2707828,16777215,AE,"United Arab Emirates",false,,https://dlq9ebkqqrcon.cloudfront.net/destination_map/d3245a86-134d-45c8-99ed-91b05c0d2ad5/50242be5a871ba08.jpg,Dubai,25.3585607,55.5650393,100,ChIJRcbZaklDXz4RYlEphFBu5r0,false,0,,https://www.coolcousin.com/,24.7921359,54.89045429999999,957d7a2a-0b76-45fb-a8d9-9b2236a59629,2d03fd22-2713-42ff-93db-50df5ea0cf86,<RCousin>{550},<RSpot>{11751},"2020-02-03 07:41:09 +0000"
6de53e2b-8d2e-419e-b006-edab534d944a,35.17955429999999,129.0756416,16777215,KR,"South Korea",false,,https://dlq9ebkqqrcon.cloudfront.net/destination_map/6de53e2b-8d2e-419e-b006-edab534d944a/9ed0b62c250eef53.jpg,Busan,35.2847,129.1884,100,ChIJNc0j6G3raDURpwhxJHTL2DU,false,0,,https://www.coolcousin.com/,35.0442,128.9552,4445752e-77cc-4ab9-828a-7dbac9eaadaf,6d98fb40-b49f-44ed-9620-b499d1423d22,<RCousin>{690},<RSpot>{12600},"2020-02-03 07:41:09 +0000"
56d8c484-d8f4-459d-b39a-734bd3c27d52,41.52364370000001,-90.5776367,16777215,US,"United States",false,,https://dlq9ebkqqrcon.cloudfront.net/destination_map/56d8c484-d8f4-459d-b39a-734bd3c27d52/4dc7f44ea335876c.jpg,Davenport,41.62154,-90.490026,100,ChIJ8aIS4MU04ocRsB9YVmMf6ug,false,0,,https://www.coolcousin.com/,41.4606319,-90.687933,51d5c55b-384f-4230-8f07-39cf1b28ee0f,3cf3702b-d093-4e1b-b6ce-3332ab76f092,<RCousin>{588},<RSpot>{9834},"2020-02-03 07:41:09 +0000"
2c7a6efe-34d1-448f-a23d-b481e881e3aa,40.8517746,14.2681244,16777215,IT,Italy,false,,https://dlq9ebkqqrcon.cloudfront.net/destination_map/2c7a6efe-34d1-448f-a23d-b481e881e3aa/6f4f270b6f14f874.jpg,Naples,40.9159348,14.3537148,100,ChIJ6_p622YIOxMRfriMZcxDOtI,false,0,,https://www.coolcousin.com/,40.7919321,14.1394899,193443cb-54e0-4d21-9b47-812f54841bb6,d348f446-ad36-4250-b819-932437edc4cf,<RCousin>{597},<RSpot>{13571},"2020-02-03 07:41:09 +0000"
a9642275-7a8e-40a6-9309-3461374c2533,59.9342802,30.3350986,16777215,RU,Russia,false,,https://dlq9ebkqqrcon.cloudfront.net/destination_map/a9642275-7a8e-40a6-9309-3461374c2533/df709e5cc3bfff13.jpg,"Saint Petersburg",60.089675,30.559783,-1,ChIJ7WVKx4w3lkYR_46Eqz9nx20,false,0,,https://www.coolcousin.com/,59.74521590000001,30.090332,be211700-9c58-4033-bf96-5364d59aa3b0,434a9c31-ce94-4c02-93c8-7591c27117f9,<RCousin>{492},<RSpot>{2954},"2020-02-03 07:41:09 +0000"
63fb5565-ce02-49bd-8cd9-96ae6cdbc3e6,44.49488700000001,11.3426162,16777215,IT,Italy,false,,https://dlq9ebkqqrcon.cloudfront.net/destination_map/63fb5565-ce02-49bd-8cd9-96ae6cdbc3e6/e189b47ee5434b88.jpg,Bologna,44.5561987,11.4337169,100,ChIJC8RR6ZjUf0cRQZSkWwF84aI,false,0,,https://www.coolcousin.com/,44.4420377,11.2296541,ce5b14cd-69d6-4dc0-97ed-7199074a1046,a34bf83a-f507-4486-9e33-509039a09b3e,<RCousin>{922},<RSpot>{15201},"2020-02-03 07:41:09 +0000"
320c6b6a-4e16-4ad5-bc05-171d2116febb,51.2194475,4.4024643,16777215,BE,Belgium,false,,https://dlq9ebkqqrcon.cloudfront.net/destination_map/320c6b6a-4e16-4ad5-bc05-171d2116febb/96f20f5ed5f9595b.jpg,Antwerp,51.3774301,4.49784,100,ChIJfYjDv472w0cRuIqogoRErz4,false,0,,https://www.coolcousin.com/,51.14333999999999,4.217600099999999,808405d4-bfa4-40bf-941b-93f0997171b0,f853ddca-521f-4592-bd9a-6b08f4c402b1,<RCousin>{533},<RSpot>{11418},"2020-02-03 07:41:09 +0000"
057e2be1-cd49-47df-b638-fca6dcc2de40,40.6460622,-111.4979729,16777215,US,"United States",false,,https://dlq9ebkqqrcon.cloudfront.net/destination_map/057e2be1-cd49-47df-b638-fca6dcc2de40/75585eb9b6367c11.jpg,"Park City",40.6971669,-111.4622341,100,ChIJ_QNjLGMPUocRlFc3Jd_Ecdg,false,0,,https://www.coolcousin.com/,40.599157,-111.5376889,01a26cd6-a296-4a30-9165-2cd74a9eac73,1597d561-5740-43ab-b877-7cf60d40cdee,<RCousin>{598},<RSpot>{13228},"2020-02-03 07:41:09 +0000"
fa2380b7-5b8c-44f4-ba02-7c8cf9b75704,36.721261,-4.4212655,16777215,ES,Spain,false,,https://dlq9ebkqqrcon.cloudfront.net/destination_map/fa2380b7-5b8c-44f4-ba02-7c8cf9b75704/004aee187eef3c3c.jpg,MÃ¡laga,36.7575526,-4.3394965,100,ChIJLSHbT8RZcg0RzzLKyZLcJWA,false,0,,https://www.coolcousin.com/,36.6788914,-4.5590373,c657ad54-006a-4ea8-a791-b00ef6164ba7,cc19e1ff-6cd8-4a35-9656-57e36dd31341,<RCousin>{531},<RSpot>{11039},"2020-02-03 07:41:09 +0000"
caffe766-d120-4422-9cc7-94c38934fed4,48.1351253,11.5819805,16777215,DE,Germany,false,,https://dlq9ebkqqrcon.cloudfront.net/destination_map/caffe766-d120-4422-9cc7-94c38934fed4/bfc6a52aaa92b5d1.jpg,Munich,48.2482197,11.7228755,0,ChIJ2V-Mo_l1nkcRfZixfUq4DAE,false,0,,https://www.coolcousin.com/,48.0616018,11.360796,e5f18987-82e4-45cb-8f75-8893c42c113c,80ebf9d5-ec4b-4d56-a7b7-98d275e19f24,<RCousin>{508},<RSpot>{10692},"2020-02-03 07:41:09 +0000"
b0a1635e-f720-491d-b47a-e6f6c72c4c30,60.16985569999999,24.9383791,16777215,FI,Finland,false,,https://dlq9ebkqqrcon.cloudfront.net/destination_map/b0a1635e-f720-491d-b47a-e6f6c72c4c30/970b61cfef6464e9.jpg,Helsinki,60.2978389,25.2544849,0,ChIJkQYhlscLkkYRY_fiO4S9Ts0,false,0,,https://www.coolcousin.com/,59.9224887,24.7828758,623d0637-9eb0-4255-b61b-ff392fdf9941,2ef19632-e7b2-4b0b-87be-da3e719b7265,<RCousin>{673},<RSpot>{15459},"2020-02-03 07:41:09 +0000"
d1b63012-2ee8-45f5-96fd-00e448eb3764,3.139003,101.686855,16777215,MY,Malaysia,false,,https://dlq9ebkqqrcon.cloudfront.net/destination_map/d1b63012-2ee8-45f5-96fd-00e448eb3764/70cfdc2a859e9bea.jpg,"Kuala Lumpur",3.2433789,101.758529,100,ChIJ5-rvAcdJzDERfSgcL1uO2fQ,false,4144959,,https://www.coolcousin.com/,3.0336329,101.61545,a45049a4-6cdf-4bc6-944c-f2f67607d49d,c00e371e-e0a6-4f43-a3fe-81a17eebe983,<RCousin>{497},<RSpot>{10338},"2020-02-03 07:41:09 +0000"
82d1f81b-b821-4ff2-8327-bf6ddf6e0096,59.32932349999999,18.0685808,16692541,SE,Sweden,false,,https://dlq9ebkqqrcon.cloudfront.net/destination_map/82d1f81b-b821-4ff2-8327-bf6ddf6e0096/400caae14b724774.jpg,Stockholm,59.42784089999999,18.198229,11,ChIJywtkGTF2X0YRZnedZ9MnDag,false,5985615,,https://www.coolcousin.com/,59.224443,17.765876,4839ba12-bdc7-4e6e-960c-d06e1658085a,ee464042-9dbd-466b-b6d9-29ce9ef6b218,<RCousin>{114},<RSpot>{9089},"2020-02-03 07:41:09 +0000"
50e34588-7106-43f3-9997-a18d4af33134,45.5016889,-73.567256,15432469,CA,Canada,false,,https://dlq9ebkqqrcon.cloudfront.net/destination_map/50e34588-7106-43f3-9997-a18d4af33134/34aad55a8bdc78bc.jpg,Montreal,45.7058381,-73.47426,18,ChIJDbdkHFQayUwR7-8fITgxTmU,false,6174482,,https://www.coolcousin.com/,45.410246,-73.986345,ab3ba5ad-3a4a-4783-957c-cc017e4dc63a,364a3c8f-4fc2-4a3f-8ffb-a6bf4f703239,<RCousin>{283},<RSpot>{22345},"2020-02-03 07:41:09 +0000"
6dc64102-5ad4-45a0-aa4c-2fe4678dfd37,44.4056499,8.946256,16777215,IT,Italy,false,,https://dlq9ebkqqrcon.cloudfront.net/destination_map/6dc64102-5ad4-45a0-aa4c-2fe4678dfd37/2b0f83db118b60a2.jpg,Genova,44.514882,9.065572999999999,100,ChIJrZrU3FJB0xIRCmKBGPGEaiM,false,0,,https://www.coolcousin.com/,44.3790734,8.716091199999999,2241c134-c18f-43d2-ad28-431f59ca491e,df026eb7-d5a9-4534-a524-09e02e28eae5,<RCousin>{910},<RSpot>{23397},"2020-02-03 07:41:09 +0000"
6151612a-0282-49dd-b9b6-91be7c413f56,43.7695604,11.2558136,16777215,IT,Italy,false,,https://dlq9ebkqqrcon.cloudfront.net/destination_map/6151612a-0282-49dd-b9b6-91be7c413f56/53ff8bf737cfe6ff.jpg,Florence,43.8329368,11.3278993,100,ChIJrdbSgKZWKhMRAyrH7xd51ZM,false,0,,https://www.coolcousin.com/,43.7269795,11.1540365,4f50b667-799f-4ba4-99b2-16cf1a3a542a,0952db78-f659-44b9-988d-2f42ea7663bc,<RCousin>{583},<RSpot>{11708},"2020-02-03 07:41:09 +0000"
e1440afe-9cbc-48f5-91bc-79a967634749,-34.60368440000001,-58.3815591,16777215,AR,Argentina,false,,https://dlq9ebkqqrcon.cloudfront.net/destination_map/e1440afe-9cbc-48f5-91bc-79a967634749/1b0bc2680c1bcc45.jpg,"Buenos Aires",-34.5265464,-58.33514470000001,100,ChIJvQz5TjvKvJURh47oiC6Bs6A,false,0,,https://www.coolcousin.com/,-34.7051011,-58.5314522,a06b1b92-4bf4-4376-8ecc-0ef0771b4262,417351e4-2e68-42da-9d44-a3280136f5ee,<RCousin>{402},<RSpot>{1175},"2020-02-03 07:41:09 +0000"
5f8b6dcb-bbf3-474c-8a30-1d98b572a1dd,42.3600825,-71.0588801,16777215,US,"United States",false,,https://dlq9ebkqqrcon.cloudfront.net/destination_map/5f8b6dcb-bbf3-474c-8a30-1d98b572a1dd/48503661f99636a7.jpg,Boston,42.40081989999999,-70.749455,100,ChIJGzE9DS1l44kRoOhiASS_fHg,false,0,,https://www.coolcousin.com/,42.22788,-71.191113,a023cd28-fe60-497d-a272-fbd903d6068c,454da6db-b640-4ff5-b6d3-f46e13f574bc,<RCousin>{569},<RSpot>{12102},"2020-02-03 07:41:09 +0000"
4800fe76-d109-465a-99a6-f1892cc967fe,41.38506389999999,2.1734035,2759523,ES,Spain,false,,https://dlq9ebkqqrcon.cloudfront.net/destination_map/4800fe76-d109-465a-99a6-f1892cc967fe/d63cd1645ad89ae7.jpg,Barcelona,41.4695761,2.2280099,4,ChIJ5TCOcRaYpBIRCmZHTz37sEQ,false,13636394,,https://www.coolcousin.com/,41.320004,2.0695258,3328d15f-3171-46f1-a73d-284ef2d8174c,ba7ea2a7-41b5-43c1-b618-c50a6c85c3e9,<RCousin>{1090},<RSpot>{2696},"2020-02-03 07:41:09 +0000"
5c9bf094-1c74-478a-ae00-5dca528c0358,33.7489954,-84.3879824,16777215,US,"United States",false,,https://dlq9ebkqqrcon.cloudfront.net/destination_map/5c9bf094-1c74-478a-ae00-5dca528c0358/0ffe839b0a5bf439.jpg,Atlanta,33.8876179,-84.289389,100,ChIJjQmTaV0E9YgRC2MLmS_e_mY,false,0,,https://www.coolcousin.com/,33.6478079,-84.5518189,bbb0af65-c5a6-42b6-ac8e-064d8eef73e0,ac5f48ff-efd2-4c18-a77f-240ee12d76b4,<RCousin>{522},<RSpot>{10861},"2020-02-03 07:41:09 +0000"
a811aa4e-3cf3-4411-bd3f-edf87f17a312,29.95106579999999,-90.0715323,16777215,US,"United States",false,,https://dlq9ebkqqrcon.cloudfront.net/destination_map/a811aa4e-3cf3-4411-bd3f-edf87f17a312/0cda17d7e961b5e3.jpg,"New Orleans",30.199332,-89.62505299999999,100,ChIJZYIRslSkIIYRtNMiXuhbBts,false,0,,https://www.coolcousin.com/,29.8666609,-90.14007389999999,1e8b28f9-d5c4-4914-997b-3c51f68e64d7,77973432-af04-4b55-82a5-e0e8a3ed3ea9,<RCousin>{47},<RSpot>{2277},"2020-02-03 07:41:09 +0000"
c419e6f3-04e1-4a58-8c70-aee5f2c258ea,-34.92849890000001,138.6007456,16777215,AU,Australia,false,,https://dlq9ebkqqrcon.cloudfront.net/destination_map/c419e6f3-04e1-4a58-8c70-aee5f2c258ea/9299655bba0ce5ee.jpg,Adelaide,-34.9091178,138.6244769,100,ChIJ56QDo9fOsGoRUz4cTlhwjbM,false,0,,https://www.coolcousin.com/,-34.9421596,138.5770602,ff04ec7c-fe64-49a8-ba33-d051e7ebca18,0d2644a4-0e44-47ec-aa7f-24fb12787334,<RCousin>{584},<RSpot>{13111},"2020-02-03 07:41:09 +0000"
b16c348a-0fb2-45d0-9145-9887927f37bc,38.80286869999999,-9.3816589,16777215,PT,Portugal,false,,https://dlq9ebkqqrcon.cloudfront.net/destination_map/b16c348a-0fb2-45d0-9145-9887927f37bc/8fbbcea65b320ca8.jpg,Sintra,38.8384553,-9.3412443,100,ChIJ6Q5Rp8HaHg0RPFcPsMBcWBM,false,0,,https://www.coolcousin.com/,38.7385818,-9.4527064,11fdcf7f-1baa-4679-85a4-7ffb4bfca41b,0cd7d9f9-9a5a-473d-82e9-dabeccf960bb,<RCousin>{729},<RSpot>{2103},"2020-02-03 07:41:09 +0000"
edb2d666-db59-414e-90b0-df92223adf21,37.3890924,-5.9844589,16777215,ES,Spain,false,,https://dlq9ebkqqrcon.cloudfront.net/destination_map/edb2d666-db59-414e-90b0-df92223adf21/c895e3dc9748b147.jpg,Seville,37.4355212,-5.8884587,100,ChIJkWK-FBFsEg0RSFb-HGIY8DQ,false,0,,https://www.coolcousin.com/,37.3152203,-6.0216578,dd7c6955-0c72-4a42-9460-0629a2ae3a63,584127a3-31a7-4205-9c9f-66b1a1fc8a5e,<RCousin>{843},<RSpot>{20002},"2020-02-03 07:41:09 +0000"
c027a0df-6613-4616-bbd3-5efee8a7905d,51.454513,-2.58791,16777215,GB,"United Kingdom",false,,https://dlq9ebkqqrcon.cloudfront.net/destination_map/c027a0df-6613-4616-bbd3-5efee8a7905d/7bce14848af250b2.jpg,"Bristol, UK",51.5444326,-2.4509024,100,ChIJYdizgWaDcUgRH9eaSy6y5I4,false,0,,https://www.coolcousin.com/,51.39254529999999,-2.7305164,e208ddb4-c444-408b-b5f7-29d97b1b104d,e7d764f2-f47f-4077-919f-b011fb6223b2,<RCousin>{1252},<RSpot>{28338},"2020-02-03 07:41:09 +0000"
74b4005d-21da-40be-a670-fb1847bd3df6,51.0486151,-114.0708459,16777215,CA,Canada,false,,https://dlq9ebkqqrcon.cloudfront.net/destination_map/74b4005d-21da-40be-a670-fb1847bd3df6/d4106258b436ef4b.jpg,Calgary,51.18383,-113.8769511,100,ChIJ1T-EnwNwcVMROrZStrE7bSY,false,0,,https://www.coolcousin.com/,50.84240399999999,-114.2713599,97c894d9-f634-48ce-99e0-d6c21b30564e,7b95afae-4afa-48b6-8b53-9ad02058e53f,<RCousin>{754},<RSpot>{17951},"2020-02-03 07:41:09 +0000"
7d7786e0-614d-48a5-aa09-22006d983f26,29.7604267,-95.3698028,16777215,US,"United States",false,,https://dlq9ebkqqrcon.cloudfront.net/destination_map/7d7786e0-614d-48a5-aa09-22006d983f26/eda128dcb484f8df.jpg,Houston,30.1107319,-95.01449599999999,100,ChIJAYWNSLS4QIYROwVl894CDco,false,0,,https://www.coolcousin.com/,29.523624,-95.78808690000001,cf887c83-2c17-40a4-8c37-2320939ab5b5,90f2b8c3-4a2c-4007-8cc7-aa235246af0d,<RCousin>{433},<RSpot>{3084},"2020-02-03 07:41:09 +0000"
ba2cbc54-f995-4d49-9e07-e47eb228bca6,50.8503396,4.3517103,16777215,BE,Belgium,false,,https://dlq9ebkqqrcon.cloudfront.net/destination_map/ba2cbc54-f995-4d49-9e07-e47eb228bca6/aeb5a821201c733b.jpg,Brussels,50.91370999999999,4.4369799,100,ChIJZ2jHc-2kw0cRpwJzeGY6i8E,false,0,,https://www.coolcousin.com/,50.7962401,4.3138,760ff04e-26ea-4493-983d-40fc950065f4,b9c5b311-a8b1-475e-9c62-6b10977a0829,<RCousin>{986},<RSpot>{20552},"2020-02-03 07:41:09 +0000"
04b3f1f9-33b9-413e-b8e8-b2d0967fb2cd,-27.5953778,-48.54804989999999,16777215,BR,Brazil,false,,https://dlq9ebkqqrcon.cloudfront.net/destination_map/04b3f1f9-33b9-413e-b8e8-b2d0967fb2cd/7b82bf912007fa7f.jpg,Florianopolis,-27.3816342,-48.358867,100,ChIJ1zLGsk45J5URRscEagtVvIE,false,0,,https://www.coolcousin.com/,-27.8390577,-48.6100064,dc3ebe7e-5c7b-4592-9e5e-20ae82d03e0c,1e169e06-bf4a-4744-8a35-8376069c638d,<RCousin>{925},<null>,"2020-02-03 07:41:09 +0000"
6eeda555-256d-4168-87a2-ae52eb9e60c9,39.9525839,-75.1652215,1206854,US,"United States",false,,https://dlq9ebkqqrcon.cloudfront.net/destination_map/6eeda555-256d-4168-87a2-ae52eb9e60c9/db2212544145321c.jpg,Philadelphia,40.1379919,-74.9557629,100,ChIJ60u11Ni3xokRwVg-jNgU9Yk,false,15592941,,https://www.coolcousin.com/,39.8670041,-75.280303,41fe1830-a008-41f7-957d-715e6adca139,779fcc7a-9b6c-401d-a37b-d471185adbbe,<RCousin>{516},<RSpot>{10872},"2020-02-03 07:41:09 +0000"
009bfb8b-bfe5-4c97-83b3-6ef4c29ed194,46.2043907,6.143157700000001,16777215,CH,Switzerland,false,,https://dlq9ebkqqrcon.cloudfront.net/destination_map/009bfb8b-bfe5-4c97-83b3-6ef4c29ed194/5ded77004192e3ad.jpg,Geneva,46.232399,6.177856999999999,100,ChIJ6-LQkwZljEcRObwLezWVtqA,false,0,,https://www.coolcousin.com/,46.17766,6.1103201,80e5da5b-c17f-4c6e-a228-a78f5987b01f,714e6eb0-51be-4485-bf59-f42e1453dfe9,<RCousin>{920},<RSpot>{21520},"2020-02-03 07:41:09 +0000"
2ee624f8-e9ff-4f2c-9b18-40c15404cae7,-25.4289541,-49.26713699999999,16777215,BR,Brazil,false,,https://dlq9ebkqqrcon.cloudfront.net/destination_map/2ee624f8-e9ff-4f2c-9b18-40c15404cae7/4d1bf11e1a5f5c9c.jpg,Curitiba,-25.346995,-49.1897635,100,ChIJ3bPNUVPj3JQRCejLuqVrL20,false,0,,https://www.coolcousin.com/,-25.6432382,-49.38983289999999,a9eea23e-aa8e-48be-a714-edb3140f6dbd,a0de4789-96a5-4b3b-aeae-a9e8f0731cf3,<RCousin>{719},<RSpot>{21331},"2020-02-03 07:41:09 +0000"
449a86f5-a48c-4efc-ba43-fa364f27ffa7,47.6062095,-122.3320708,16777215,US,"United States",false,,https://dlq9ebkqqrcon.cloudfront.net/destination_map/449a86f5-a48c-4efc-ba43-fa364f27ffa7/930d415e5df95950.jpg,Seattle,47.734145,-122.2244331,100,ChIJVTPokywQkFQRmtVEaUZlJRA,false,0,,https://www.coolcousin.com/,47.4919119,-122.4596959,8b28c6be-fe63-4c48-beb4-b3b32b342de4,588307b6-82be-4269-be7b-5d6af813241e,<RCousin>{239},<RSpot>{9480},"2020-02-03 07:41:09 +0000"
af80e948-ab13-4295-a1cf-7d96d9425b0e,46.5196535,6.6322734,16777215,CH,Switzerland,false,,https://dlq9ebkqqrcon.cloudfront.net/destination_map/af80e948-ab13-4295-a1cf-7d96d9425b0e/7d3f091ffa7dbe14.jpg,Lausanne,46.60232999999999,6.72084,100,ChIJ5aeJzT4pjEcRXu7iysk_F-s,false,0,,https://www.coolcousin.com/,46.45463,6.5841499,30c7255e-856b-44b0-a01b-16ca2e302ccd,9800b1f4-16ed-4f41-8a77-bea881ea0858,<RCousin>{703},<RSpot>{16152},"2020-02-03 07:41:09 +0000"
9b3b2b9f-d8ed-4985-af4f-baea757c95ff,37.7749295,-122.4194155,182971,US,"United States",false,,https://dlq9ebkqqrcon.cloudfront.net/destination_map/9b3b2b9f-d8ed-4985-af4f-baea757c95ff/80b073a490587714.jpg,"San Francisco",37.812,-122.3482,100,ChIJIQBpAG2ahYAR_6128GcTUEo,false,4473151,,https://www.coolcousin.com/,37.70339999999999,-122.527,124028e5-e9a5-4768-849e-004e97a1e574,d54695df-41ae-40fd-a13d-614c9061d639,<RCousin>{1050},<RSpot>{10938},"2020-02-03 07:41:09 +0000"
b96ae1d5-88b4-443a-9d6a-d6a5ca75e692,41.7151377,44.827096,16777215,GE,Georgia,false,,https://dlq9ebkqqrcon.cloudfront.net/destination_map/b96ae1d5-88b4-443a-9d6a-d6a5ca75e692/9f179317dc937b22.jpg,Tbilisi,41.8438937,45.0176811,100,ChIJa2JP5tcMREARo25X4u2E0GE,false,0,,https://www.coolcousin.com/,41.6210248,44.6600246,d3bd180a-7f6d-4451-acff-48ebba5ba3b2,e859f36c-915d-4a4b-9ff2-9879380ea90a,<RCousin>{817},<RSpot>{14973},"2020-02-03 07:41:09 +0000"
3d30920c-1227-42ce-87e2-30ebc41ee86b,45.4215296,-75.69719309999999,16777215,CA,Canada,false,,https://dlq9ebkqqrcon.cloudfront.net/destination_map/3d30920c-1227-42ce-87e2-30ebc41ee86b/16d6703b6f6e71fa.jpg,Ottawa,45.5375801,-75.2465979,100,ChIJrxNRX7IFzkwR7RXdMeFRaoo,false,0,,https://www.coolcousin.com/,44.962733,-76.35391589999999,cef5f21c-eac2-48cb-aaae-b55e23a904f0,866788a8-2b7c-4524-bb8c-f9f27666041f,<RCousin>{578},<RSpot>{12624},"2020-02-03 07:41:09 +0000"
698ecd9d-1cb9-4277-9693-fb770d725f5b,36.1626638,-86.7816016,16777215,US,"United States",false,,https://dlq9ebkqqrcon.cloudfront.net/destination_map/698ecd9d-1cb9-4277-9693-fb770d725f5b/8a51fad24cfab63b.jpg,Nashville,36.4054959,-86.5155879,100,ChIJPZDrEzLsZIgRoNrpodC5P30,false,0,,https://www.coolcousin.com/,35.9677851,-87.054903,73097f7b-59e1-457e-9e4a-105ffe221d54,f494643a-a4f3-4356-b5a5-316bdc6e5bcf,<RCousin>{181},<RSpot>{19179},"2020-02-03 07:41:09 +0000"
72914e87-300b-4b23-81e0-d5c0e62adbca,45.4642035,9.189982000000001,14131688,IT,Italy,false,,https://dlq9ebkqqrcon.cloudfront.net/destination_map/72914e87-300b-4b23-81e0-d5c0e62adbca/34e507fc689a8f2a.jpg,Milan,45.535689,9.2903463,100,ChIJ53USP0nBhkcRjQ50xhPN_zw,false,14180609,,https://www.coolcousin.com/,45.3897787,9.065118199999999,db944821-0b25-4101-857d-7756e824c20f,45d7f294-b911-427a-85e8-644076e2b178,<RCousin>{345},<RSpot>{1487},"2020-02-03 07:41:09 +0000"
c1702f2e-0329-4c60-9fdc-364d9840ed23,50.4501,30.5234,16777215,UA,Ukraine,false,,https://dlq9ebkqqrcon.cloudfront.net/destination_map/c1702f2e-0329-4c60-9fdc-364d9840ed23/312f4b096ef534c3.jpg,Kiev,50.590798,30.825941,100,ChIJBUVa4U7P1EAR_kYBF9IxSXY,false,0,,https://www.coolcousin.com/,50.213273,30.2394401,77e3fc46-1ebf-4456-8a7d-5c34d673f862,067a513b-24f1-492b-993c-83a0a2d5003b,<RCousin>{529},<RSpot>{11025},"2020-02-03 07:41:09 +0000"
e2734056-5876-46cd-8e92-fa2588f81c46,41.1579438,-8.629105299999999,16777215,PT,Portugal,false,,https://dlq9ebkqqrcon.cloudfront.net/destination_map/e2734056-5876-46cd-8e92-fa2588f81c46/694f5b19d793d37c.jpg,Porto,41.1859353,-8.5526134,100,ChIJwVPhxKtlJA0RvBSxQFbZSKY,false,0,,https://www.coolcousin.com/,41.1383506,-8.6912939,23e87b81-0969-41dc-bde0-073c3e0ba46f,e8fd3481-771d-4f23-886e-faaefee176ec,<RCousin>{725},<RSpot>{16222},"2020-02-03 07:41:09 +0000"
b2f97617-bf69-4038-a5e4-208bd7c398c2,55.953252,-3.188266999999999,16777215,GB,"United Kingdom",false,,https://dlq9ebkqqrcon.cloudfront.net/destination_map/b2f97617-bf69-4038-a5e4-208bd7c398c2/06ab25cf614dba5c.jpg,Edinburgh,55.9919939,-3.0776588,100,ChIJIyaYpQC4h0gRJxfnfHsU8mQ,false,0,,https://www.coolcousin.com/,55.8904228,-3.3330187,95e37a74-20c9-45a1-af94-cc8839d527f9,c3c6626f-58a8-41de-8187-30bd759d8f3c,<RCousin>{399},<RSpot>{541},"2020-02-03 07:41:09 +0000"
b194b32c-4164-4da9-a4ed-54f689ed2260,31.768319,35.21371,16767632,IL,Israel,false,,https://dlq9ebkqqrcon.cloudfront.net/destination_map/b194b32c-4164-4da9-a4ed-54f689ed2260/3750b0c3301f53a0.jpg,Jerusalem,31.8829601,35.2652869,100,ChIJS_zBNNbXAhURy-FuRT5ib9k,false,6162253,,https://www.coolcousin.com/,31.7096771,35.0854311,92965c32-b3ce-4c6c-94fe-58886443fc24,6ba68288-8cec-445d-bc5d-175055b64b7d,<RCousin>{250},<RSpot>{18688},"2020-02-03 07:41:09 +0000"
4d05b852-52d3-4008-8bc6-fab0b331453c,41.0082376,28.9783589,10211029,TR,Turkey,false,,https://dlq9ebkqqrcon.cloudfront.net/destination_map/4d05b852-52d3-4008-8bc6-fab0b331453c/d7ae053b29dbbe68.jpg,Istanbul,41.199239,29.4288049,100,ChIJawhoAASnyhQR0LABvJj-zOE,false,11606811,,https://www.coolcousin.com/,40.811404,28.595554,f1ebc49b-37b1-4278-a26e-f8d1055faff2,06629b4d-7e38-4289-9cce-0a67b3ce0f04,<RCousin>{371},<RSpot>{4913},"2020-02-03 07:41:09 +0000"
bae53ab4-60d3-4136-88c0-1616960526fe,55.6760968,12.5683372,14657162,DK,Denmark,false,,https://dlq9ebkqqrcon.cloudfront.net/destination_map/bae53ab4-60d3-4136-88c0-1616960526fe/0873c5f28230e70d.jpg,Copenhagen,55.7270937,12.7342654,100,ChIJIz2AXDxTUkYRuGeU5t1-3QQ,false,16314858,,https://www.coolcousin.com/,55.615441,12.4533824,2899ab21-542d-478d-9921-ea35dfbc6927,518097ac-ecf3-4373-a6ec-63d2823f55b9,<RCousin>{1222},<RSpot>{28005},"2020-02-03 07:41:09 +0000"
1ade7526-fa48-4d67-8565-5e3885ab02ab,14.5995124,120.9842195,16777215,PH,Philippines,false,,https://dlq9ebkqqrcon.cloudfront.net/destination_map/1ade7526-fa48-4d67-8565-5e3885ab02ab/7921c9d6a8efdd40.jpg,Manila,14.6390175,121.0261686,100,ChIJi8MeVwPKlzMRH8FpEHXV0Wk,false,0,,https://www.coolcousin.com/,14.5539791,120.932951,1d5e6d3c-927b-452f-bb6c-89230ef263ff,6274e59b-0f8f-4232-bf7d-e680bfae0f14,<RCousin>{43},<RSpot>{26505},"2020-02-03 07:41:09 +0000"
def33291-e2c9-4ed0-98eb-5c514b0cdce1,41.90278349999999,12.4963655,1000995,IT,Italy,false,,https://dlq9ebkqqrcon.cloudfront.net/destination_map/def33291-e2c9-4ed0-98eb-5c514b0cdce1/ca556dec9d132cb6.jpg,Rome,42.0505462,12.7302888,100,ChIJu46S-ZZhLxMROG5lkwZ3D7k,false,15058116,,https://www.coolcousin.com/,41.769596,12.341707,8a51b2c9-f8c6-4f69-a1e8-5c3f79b53853,de38fe6c-618e-48c1-9f43-c80eb205b72f,<RCousin>{236},<RSpot>{20943},"2020-02-03 07:41:09 +0000"
b807d858-dabd-4ecc-8852-3b007ea4c6c9,-19.9166813,-43.9344931,16777215,BR,Brazil,false,,https://dlq9ebkqqrcon.cloudfront.net/destination_map/b807d858-dabd-4ecc-8852-3b007ea4c6c9/e4f5c009685ae012.jpg,"Belo Horizonte",-19.7763149,-43.8647871,50,ChIJMyzPysqQpgARlznSOl55NVs,false,0,,https://www.coolcousin.com/,-20.0291177,-44.0633132,68de7714-2189-4d18-8825-fb9a46da10c4,1fee3dee-f2ab-4b9f-b0e3-85a7fc280311,<RCousin>{822},<RSpot>{15755},"2020-02-03 07:41:09 +0000"
45f0519c-ba4a-4ed0-89f8-7b568d28a3a9,-41.2864603,174.776236,16777215,NZ,"New Zealand",false,,https://dlq9ebkqqrcon.cloudfront.net/destination_map/45f0519c-ba4a-4ed0-89f8-7b568d28a3a9/fb6a72196cbf5c76.jpg,Wellington,-41.126285,174.9106252,40,ChIJy3TpSfyxOG0RcLQTomPvAAo,false,0,,https://www.coolcousin.com/,-41.3624551,174.613084,9f995f29-d935-42db-a722-2422eca5fdde,534e02f4-6581-4e86-a7cd-e81bb87beca9,<RCousin>{793},<RSpot>{13957},"2020-02-03 07:41:09 +0000"
e658bfe5-5544-4884-9911-f6b32c3f0563,-15.7942287,-47.8821658,16777215,BR,Brazil,false,,https://dlq9ebkqqrcon.cloudfront.net/destination_map/e658bfe5-5544-4884-9911-f6b32c3f0563/f7c9dbce6e8c5c39.jpg,Brasilia,-15.5783532,-47.784951,40,ChIJdeKa3xg9WpMRJEp1aeRwhHM,false,0,,https://www.coolcousin.com/,-15.8651711,-48.0897647,07d9181c-2888-4c42-9039-551ac5f1c1fc,16e4ae2b-390b-405e-af57-b7287c853ae7,<RCousin>{571},<RSpot>{12683},"2020-02-03 07:41:09 +0000"
f71e8725-0bda-4a49-b60a-a8912f6df8ea,57.70887,11.97456,16692541,SE,Sweden,false,,https://dlq9ebkqqrcon.cloudfront.net/destination_map/f71e8725-0bda-4a49-b60a-a8912f6df8ea/0fae2e1be40ab20f.jpg,Gothenburg,57.863055,12.193316,15,ChIJPwdslmeOT0YRQHwOKXiQAQQ,false,5985615,,https://www.coolcousin.com/,57.5389291,11.594357,ad093790-4b6f-4725-bb3f-8a9eb82b4b71,401dfd08-24e0-459b-95be-7f025bc4b140,<RCousin>{285},<RSpot>{6021},"2020-02-03 07:41:09 +0000"
4a83c39b-ab53-49c8-8c17-2f9faee03975,52.3702157,4.895167900000001,15102464,NL,Netherlands,false,,https://dlq9ebkqqrcon.cloudfront.net/destination_map/4a83c39b-ab53-49c8-8c17-2f9faee03975/b7ff37a1db970e3f.jpg,Amsterdam,52.4311573,5.0683903,13,ChIJVXealLU_xkcRja_At0z9AGY,false,16776184,,https://www.coolcousin.com/,52.3182742,4.7288558,a4d5c465-5578-4c5b-83f1-7a17dab1adaa,fa3ad402-c4cd-4062-99c4-cd4c93aad0f6,<RCousin>{274},<RSpot>{9284},"2020-02-03 07:41:09 +0000"
a04c5f4d-d3e3-42eb-814e-6eed737d7221,41.8781136,-87.6297982,14365491,US,"United States",false,,https://dlq9ebkqqrcon.cloudfront.net/destination_map/a04c5f4d-d3e3-42eb-814e-6eed737d7221/11a50dabc71d6250.jpg,Chicago,42.023131,-87.52366099999999,32,ChIJ7cv00DwsDogRAMDACa2m4K8,false,2490886,,https://www.coolcousin.com/,41.6443349,-87.9402669,79816f37-59ea-408f-9e9c-5bd619d7dc77,b69903c7-617c-4362-9d83-7766ccd38694,<RCousin>{196},<RSpot>{21921},"2020-02-03 07:41:09 +0000"
076c781a-d0fd-40b7-beb6-d65b42113f08,39.7392358,-104.990251,5732,US,"United States",false,,https://dlq9ebkqqrcon.cloudfront.net/destination_map/076c781a-d0fd-40b7-beb6-d65b42113f08/192b964f940fa358.jpg,Denver,39.91424689999999,-104.6002959,10,ChIJzxcfI6qAa4cR1jaKJ_j0jhE,false,14244608,,https://www.coolcousin.com/,39.614431,-105.109927,6c4c3ec1-12e0-4b2b-80b2-fe2481eaa5fc,f13edad3-f95d-4077-94b6-a87788c70107,<RCousin>{1172},<RSpot>{26884},"2020-02-03 07:41:09 +0000"
ffaf5c78-2bb4-487f-a0e5-f3d74aa85ae0,50.0755381,14.4378005,6201254,CZ,Czechia,false,,https://dlq9ebkqqrcon.cloudfront.net/destination_map/ffaf5c78-2bb4-487f-a0e5-f3d74aa85ae0/d215300526932d80.jpg,Prague,50.177403,14.7067945,19,ChIJi3lwCZyTC0cRkEAWZg-vAAQ,false,16048113,,https://www.coolcousin.com/,49.94193629999999,14.2244533,7ec144f2-5183-4296-ade1-331960d1f745,b2b3428d-17a1-4a34-92b2-54d78e933397,<RCousin>{212},<RSpot>{8071},"2020-02-03 07:41:09 +0000"
3ca5c03c-6db1-4a4a-9f9c-ea1a43029bc6,47.497912,19.040235,8428993,HU,Hungary,false,,https://dlq9ebkqqrcon.cloudfront.net/destination_map/3ca5c03c-6db1-4a4a-9f9c-ea1a43029bc6/ae43d9d8a15e7705.jpg,Budapest,47.6130119,19.3345049,21,ChIJyc_U0TTDQUcRYBEeDCnEAAQ,false,10361219,,https://www.coolcousin.com/,47.349415,18.9261011,0b4c1292-498a-4a23-8078-5b8e0fe83a62,c445370e-ac8a-4a41-b064-2df4d6904569,<RCousin>{16},<RSpot>{8359},"2020-02-03 07:41:09 +0000"
826c927c-e2d6-49c0-9f4c-5cb6cf6bd267,40.4167754,-3.7037902,9046024,ES,Spain,false,,https://dlq9ebkqqrcon.cloudfront.net/destination_map/826c927c-e2d6-49c0-9f4c-5cb6cf6bd267/0f347a4506ff7956.jpg,Madrid,40.5638447,-3.5249115,23,ChIJgTwKgJcpQg0RaSKMYcHeNsQ,false,13485143,,https://www.coolcousin.com/,40.3120639,-3.8341618,fc71f917-437f-4ca1-8790-efb25ba3ca9d,6d37edb5-3f18-48c2-921c-10833179d8f8,<RCousin>{1063},<RSpot>{24536},"2020-02-03 07:41:09 +0000"
d180f6ef-679d-4fe5-966f-bb51f0e27143,-27.4697707,153.0251235,16777215,AU,Australia,false,,https://dlq9ebkqqrcon.cloudfront.net/destination_map/d180f6ef-679d-4fe5-966f-bb51f0e27143/9fe9119624aacb57.jpg,Brisbane,-27.4599999,153.0355977,100,ChIJuyD2XARakWsRwITe81qjAgU,false,0,,https://www.coolcousin.com/,-27.4808533,153.0105026,78fb46b5-b15d-439e-a45f-b81419d78e4a,9ec89455-df00-4fd1-a093-00328e955672,<RCousin>{828},<RSpot>{18335},"2020-02-03 07:41:09 +0000"
74dd4c05-67ad-4b37-b3af-132fb307b14a,-30.0346471,-51.2176584,16777215,BR,Brazil,false,,https://dlq9ebkqqrcon.cloudfront.net/destination_map/74dd4c05-67ad-4b37-b3af-132fb307b14a/26e97aa2e9a8ed14.jpg,"Porto Alegre",-29.9565731,-51.0869992,100,ChIJHctqVtKcGZURH-mHn6gRMWA,false,0,,https://www.coolcousin.com/,-30.261167,-51.2672847,d2286552-2207-451d-b5bd-d84bca2a99b1,eb330411-b398-4478-93ac-049a8dbd4234,<RCousin>{971},<RSpot>{19850},"2020-02-03 07:41:09 +0000"
ea86c80c-baef-4783-8a1d-2b1f19ba3b30,45.4408474,12.3155151,12136273,IT,Italy,false,,https://dlq9ebkqqrcon.cloudfront.net/destination_map/ea86c80c-baef-4783-8a1d-2b1f19ba3b30/c614524d7d891af7.jpg,Venice,45.5779746,12.5966574,23,ChIJiT3W8dqxfkcRLxCSvfDGo3s,false,16751673,,https://www.coolcousin.com/,45.23111189999999,12.1668278,29fc3d0b-6194-44a3-bf30-065e7c4ad285,72f2e1dc-8ed2-4e8b-815f-2291a3003a3c,<RCousin>{64},<RSpot>{12066},"2020-02-03 07:41:09 +0000"
9e430db2-6e18-41db-9bbb-0e0252e4b4a2,50.82253000000001,-0.137163,5492392,GB,"United Kingdom",false,,https://dlq9ebkqqrcon.cloudfront.net/destination_map/9e430db2-6e18-41db-9bbb-0e0252e4b4a2/6ace6cee7053641b.jpg,"Brighton, UK",50.8735837,-0.03626,26,ChIJZ0Ep9gmFdUgR-Q59cnqvxpw,false,16771268,,https://www.coolcousin.com/,50.8012522,-0.1761194,ce4a3b7f-f227-4da2-a3c7-2574973241ba,e1c09de7-70e3-4e80-bd0f-446e29968818,<RCousin>{1068},<RSpot>{28241},"2020-02-03 07:41:09 +0000"
74acc98f-81c4-4a2c-98c6-a6f976818285,48.2081743,16.3738189,14623771,AT,Austria,false,,https://dlq9ebkqqrcon.cloudfront.net/destination_map/74acc98f-81c4-4a2c-98c6-a6f976818285/9cd8fbedaca25cdf.jpg,Vienna,48.3230999,16.5774999,28,ChIJn8o2UZ4HbUcRRluiUYrlwv0,false,14148566,,https://www.coolcousin.com/,48.1182699,16.18262,b1dcc531-cfca-4694-89cc-5d3ab163dff4,29a5d8fb-38dd-4734-b1ea-d5f35b628399,<RCousin>{289},<RSpot>{27381},"2020-02-03 07:41:09 +0000"
35c8765c-f258-47b3-b5f9-225d0bddacbb,44.4267674,26.1025384,14797402,RO,Romania,false,,https://dlq9ebkqqrcon.cloudfront.net/destination_map/35c8765c-f258-47b3-b5f9-225d0bddacbb/a2e70c1d3688412c.jpg,Bucharest,44.541407,26.225575,30,ChIJT608vzr5sUARKKacfOMyBqw,false,1195633,,https://www.coolcousin.com/,44.3342445,25.9637001,445a84b6-3c88-44f3-a300-7d7c8e039937,2f36bea1-1ccf-4cd7-a7ad-b824565ee407,<RCousin>{104},<RSpot>{21600},"2020-02-03 07:41:09 +0000"
b87f86fa-ffb9-4457-b011-bb5a4b2aa818,45.52306220000001,-122.6764815,11196276,US,"United States",false,,https://dlq9ebkqqrcon.cloudfront.net/destination_map/b87f86fa-ffb9-4457-b011-bb5a4b2aa818/57570673434f171e.jpg,"Portland, OR",45.654424,-122.4718489,31,ChIJJ3SpfQsLlVQRkYXR9ua5Nhw,false,218678,,https://www.coolcousin.com/,45.432393,-122.8369952,52345665-841a-46b3-9c52-8d7a9ea57b12,7b146e30-2fc0-4317-9749-17402afbebb0,<RCousin>{1054},<RSpot>{23731},"2020-02-03 07:41:09 +0000"
5e8b8988-4b22-4a78-bba4-acf271cce105,52.205337,0.121817,12262942,GB,"United Kingdom",false,,https://dlq9ebkqqrcon.cloudfront.net/destination_map/5e8b8988-4b22-4a78-bba4-acf271cce105/a2f75d5edb5acc40.jpg,"Cambridge, UK",52.237855,0.1919273,30,ChIJLQEq84ld2EcRIT1eo-Ego2M,false,16765576,,https://www.coolcousin.com/,52.1598292,0.048047,5ad61f03-9235-45ec-b703-f99f640e3ad6,966e01e1-792a-4913-8436-fc203e01f846,<RCousin>{1185},<RSpot>{27203},"2020-02-03 07:41:09 +0000"
dc2b83d5-6843-4799-ad7e-03bc540657b3,47.3768866,8.541694,7123552,CH,Switzerland,false,,https://dlq9ebkqqrcon.cloudfront.net/destination_map/dc2b83d5-6843-4799-ad7e-03bc540657b3/f765a3f84e15c88b.jpg,Zurich,47.43468,8.6253701,29,ChIJGaK-SZcLkEcRA9wf5_GNbuY,false,10422023,,https://www.coolcousin.com/,47.32023,8.448059899999999,3599ec88-458c-411b-a943-99e724a5aa2c,0b885899-5e6b-4153-a494-f3445b16a9cf,<RCousin>{85},<RSpot>{5014},"2020-02-03 07:41:09 +0000"
